word,definition,frequency
abacus,frame with balls for calculating,2
abate,to lessen to subside,6
abdication,giving up control authority,2
aberration,straying away from what is normal,5
abet,help/encourage smb (in doing wrong),2
abeyance,suspended action,2
abhor,to hate to detest,3
abide,be faithful to endure,2
abjure,promise or swear to give up,3
abraded,rubbed off worn away by friction,2
abrogate,repeal or annul by authority,2
abscond,to go away suddenly (to avoid arrest),4
abstruse,difficult to comprehend obscure,16
abut,border on,2
abysmal,bottomless extreme,3
acarpous,effete no longer fertile worn out,2
acclaimed,welcomed with shouts and approval,2
accolade,praise approval,2
accretion,the growing of separate things into one,3
adamant,kind of stone inflexible,4
admonitory,containing warning,2
adorn,add beauty decorate,5
adulteration,making unpure poorer in quality,3
affable,polite and friendly,9
affinity,close connection relationship,4
aggravate,make worse irritate,6
agile,active quick-moving,5
agog,eager/excited,2
ail,trouble be ill,2
alacrity,eager and cheerful readiness,5
alcove,recess/partially enclosed place,2
allegiance,duty support loyalty,2
alleviate,make (pain) easier to bear,3
alloy,to debase by mixing with something inferior,3
aloof,reserved indifferent,6
amalgamate,mix combine unite societies,2
ambidextrous,able to use the left hand or the right equally well,2
ambiguous,doubtful uncertain,3
ambivalent,having both of two contrary meanings,3
ameliorate,improve make better,5
amortize,end (a debt) by setting aside money,2
anguish,severe suffering,2
animosity,strong dislike,2
antidote,medicine used against a poison or a disease,3
antithetical,direct opposing,3
apartheid,brutal racial discrimination,2
aplomb,self-confidence,4
apostate,one who abandons long-held religious or political convictions,6
apotheosis,deification glorification to godliness,2
appease,make quiet or calm,6
apprehensive,grasping understanding fear unhappy feeling about future,5
apprise,give notice to inform,2
approbation,approval,4
apropos,appropriate to the situation apt,4
apt,well-suited quick-witted,9
arabesque,a complex ornate design,2
arboreal,of connected with trees,2
ardor,enthusiasm,2
arduous,steep difficult ascent laborious,10
argot,jargon slang,2
arrant,in the highest degree,2
arrogance,proud superior manner of behaviour,8
articulate,speak distinctly connect by joints,9
ascend,go or come up,2
ascertain,get to know,2
ascetic,practicing self-denial austere stark,2
ascribe,consider to be the origin of or belonging to,6
aseptic,surgically clean,2
asperity,roughness harshness ill temper irritability,2
aspersion,slander,6
assail,with attack violently,2
assiduous,diligent hard-working sedulous,5
assuage,make smth (pain desire) less,8
asterisk,the mark * (e.g.. omitted letters),2
astringent,substance that shrinks,2
astute,clever quick at seeing to get an advantage,7
atonement,repayment death of Jesus,2
attenuate,make thin. weaken enervate,4
attune,bring into harmony,2
audacious,daring foolishly bold impudent,4
augury,omen sign,2
august,majestic venerable,5
auspicious,favorable successful prosperous,6
austere,severely moral and strict simple and plain,5
auxiliary,helping supporting,2
aver,affirm assert prove justify,3
aversion,strong dislike,4
avid,eager greedy,2
avow,admit. Declare openly,2
baleful,harmful ominous causing evil,4
balk,obstacle purposely to get on the way of,2
baneful,causing harm or ruin pernicious destructive,2
barrage,artificial obstacle built across a river,2
barren,not good enough unable to have young ones without value,5
bask,in enjoy warmth and light,2
beatify,to bless make happy or ascribe a virtue to,2
bedizen,to adorn especially in a cheap showy manner,2
belabor,beat hard,2
bellicose,belligerent pugnacious warlike,5
belligerent,(person nation) waging war,11
benefactor,person who has given help,2
benevolence,wish or activity in doing good,4
benign,kind and gentle mild (climate),9
bequest,arrangement to give smth at death,2
berate,scold sharply,2
bereft,rob or dispossess of smth (material),2
bewilder,puzzle confuse,2
bigot,stubborn narrow-minded person,2
bilge,bulge the protuberance of a cask,2
blandishment,flattery coaxing,2
blandness,polite manner comforting uninteresting,2
blatant,noisy and rough,3
blithe,cheerful casual carefree,4
bogus,sham counterfeit not genuine,2
boisterous,loud noisy rough lacking restraint,2
bolster,give greatly needed support,6
boorish,crude offensive rude,2
brash,hasty rush cheeky saucy,3
brass,yellow metal (mixing copper and zinc),4
brazen,made of brass,6
breach,opening broken place breaking,2
brittle,easily broken,2
broach,bring up announce begin to talk about,2
brook,to tolerate endure,2
buoyant,able to float light-hearted,5
burgeon,grow forth send out buds,5
burnish,to polish rub to a shine,2
cabal,a scheme or plot a group of plotters,3
cadge,to beg to get by begging,2
cajole,use flattery or deceit to persuade,2
calipers,metal supports attached to the legs measuring instrument,2
calumny,slander aspersion,2
candid,frank straight-forward,11
cant,insincere talk/jargon,16
cantankerous,bad-tempered/quarrelsome,2
canvass,discuss thoroughly sort of touting,2
castigate,to chastise correct by punishing,2
castigation,severe punishment,3
catalyst,substance that causes speeding up,4
caustic,biting sarcastic,6
censure,expression of blame or disapproval a rebuke,6
centurion,leader of a unit of 100 soldiers,4
chary,cautious wary,2
chastened,corrected punished,2
chastisement,punishment,2
chauvinist,a blindly devoted patriot,2
chicanery,legal trickery/false argument,9
chisel,steel tool for shaping materials,4
churl,bad-tempered person,2
clamor,shout complain with a lot of noise,2
clientele,customers,2
clinch,come to grips/settle conclusively,2
cling,to resist separation,2
clot,half-solid lump formed from liquid,2
cloture,closing device (in Parliament) to end a debate by voting,2
coagulation,change to a thick and solid state,2
coalescing,coming together and uniting into one substance,2
coax,get smb to do smth by kindness,4
coda,passage that completes a piece of music,4
coddle,treat with care and tenderness,2
coerce,compel to force to make obedient,2
coeval,of the same period coexisting,5
cogent,strong convincing,11
cogitate,think deeply mediate,4
cognizant,being fully aware of,6
colander,bowl-shaped vessel with many holes used to drain off water,2
collusion,secret agreement for a deceitful purpose,2
combustion,process of burning,3
commemorate,keep the memory of,2
commodious,having plenty of space for what is needed,2
commuter,person who travels regularly,3
complaisance,tending to comply obliging willingness to please,2
compunction,feeling of regret for one's action,2
conceal,hide keep secret,5
conceit,over-high opinion of too much pride,2
conciliatory,reconciling soothing comforting mollifying,4
concord,agreement or harmony,2
concur,agree in opinion happen together,2
condense,increase in density strength make laconic,2
condone,forgive,3
congeal,make or become stiff and solid,2
conjoin,to join together,2
connoisseur,a person with good judgement (e.g.. in art),3
connotation,suggestion in addition to,9
consequential,pompous self important,2
console,give comfort or sympathy to,2
conspicuous,easily seen remarkable,2
consternation,surprise and fear dismay,2
constrain,compel,3
constrict,make tight or smaller,2
consume,get to the end of,3
consummate,perfect/make perfect/complete,5
contemn,to scorn or despise,2
contentious,argumentative pugnacious combative quarrelsome,4
contiguous,touching neighboring near,2
contrite,filled with deep sorrow for wrongdoing,4
contumacious,insubordinate rebellious,4
conundrum,a riddle dilemma enigma,3
conviction,convincing firm belief,5
convoke,call together summon,2
convoluted,complicated coiled twisted,5
cordial,warm and sincere,2
cordon,line (of police acting as a guard),2
cornucopia,abundant supply,2
corporeal,physical of or for the body,5
correlate,have a mutual relation,2
corroboration,additional strengthening evidence,4
countenance,to favor or approve of,5
counterfeit,forgery,8
countervail,counterbalance,2
covert,disguised,2
covetous,eagerly desirous,2
cower,crouch shrink back,2
coy,shy/modest (esp of a girl),2
crass,very great (es. stupidity),2
cravat,piece of linen worn as a necktie,2
craven,cowardly,6
crease,line made by crushing white line on the ground in cricket,5
credulity,too great a readiness to believe things,3
credulous,ready to believe things,2
crush,press lose shape subdue overwhelm,2
cryptic,secret with a hidden meaning,4
cumbersome,burdensome heavy and awkward to carry,4
curmudgeon,bad-tempered person,2
curriculum,course of study,3
cursory,quick hurried,6
curtail,make shorter then was planned,4
dainty,pretty/delicate(food)/difficult to please,2
daunt,intimidate make fearful,2
dawdler,person who is slow waste of time,2
dearth,shortage,10
debacle,a breakup overthrow sudden disaster,2
decorum,propriety properness,4
decree,order given by authority,2
decry,disapprove of,4
defer,postpone give way (to show respect),2
deferential,showing respect,2
defiance,open disobedience or resistance,2
delineate,to portray depict sketch out,2
deluge,great flood heavy rush of water,2
demagogue,person appealing not to reasons,2
demur,to hesitate raise objections,2
denigrate,blacken belittle sully defame,2
denouement,an outcome or solution the unraveling of a plot,2
deplete,use until none remains,2
deposition,dethronement depositing,2
deprave,make morally bad corrupt,2
deprecate,protest against express disapproval of,4
dereliction,deserting and leaving to fall into ruins,2
derision,ridicule mockery deriding,2
derivative,unoriginal obtained from another source,8
derogatory,insulting tending to damage,2
descry,catch sight of see smth in the distance,2
desiccant,substance used to absorb moisture,2
desuetude,cessation of use disuse,2
desultory,aimless haphazard digressing at random,4
deter,discourage hinder,5
detraction,slandering verbal attack aspersion,2
detumescence,diminishing or lessening of swelling,2
deviance,being different in moral standards (from normal),2
dexterity,skill (esp. in handling),2
diaphanous,transparent gauzy,6
diatribe,bitter and violent attack in words,3
diffidence,shyness,2
dilate,speak comprehensively become wider large,2
disallow,refuse to allow or accept as a correct,4
discern,see with an effort but clearly,6
discomfit,confuse embarrass,2
disconcert,upset the self-possession of,2
discountenance,refuse to approve of,2
discourse,speech lecture,4
discredit,refuse to believe,2
discreet,careful/prudent,3
discrete,individually distinct,6
disdain,look on with contempt,6
disencumber,free from encumbrance,2
disheveled,untidy,2
disingenuous,sophisticated artful trying to deceive cunning,3
disinter,dig up from the earth,2
dislodge,move force from the place occupied,2
dismal,sad gloomy miserable,2
disparate,essentially different,7
disproof,proof to the contrary,2
dissemble,speak or behave so as to hide smth (in mind),3
disseminate,distribute (esp. ideas),4
dissent,have a different opinion refuse to assent,4
dissolution,disintegration looseness in morals,5
distraught,distracted violently upset in mind,4
divergence,getting farther apart from a point,2
divestiture,taking off getting rid of giving up,2
divulge,make known smth secret,4
doggerel,trivial poorly constructed verse,2
dogmatic,positive certain arbitrary without room for discussion,7
dolt,stupid fellow,2
dormant,in a state of inactivity but awaiting development,6
dote,show much fondness center one's attention,2
drawl,slow way of speaking,2
droll,jesting,2
drone,male bee person who isn't self-employed,2
drowsiness,feeling sleepy half asleep,3
dubious,feeling doubt,10
dud,no use person smth that fails,6
dulcet,melodious harmonious,4
dupe,cheat make a fool of,2
duplicity,deliberate deception,5
duress,threats to compel smb,2
dwarf,person or smb much below the usual size,2
dynamo,a generator something that produces electric current,2
earthenware,dishes made of baked clay,4
ebullience,exuberance outburst of feeling,2
ebullient,overflowing with enthusiasm showing excitement,5
ecumenical,representing the whole Christian world,2
edacious,voracious devouring,2
eddy,circular or spiral movement (e.g.. of wind),2
edible,fit to be eaten/not poisonous,3
effete,infertile worn out weak,4
efficacy,production of a desired result,6
effluvia,outflow in a stream of particles a noxious odor or vapor,2
effrontery,boldness impudence arrogance,2
egress,way out exit,2
elaborate,worked out with much care in great detail,6
elegy,a lament a melancholy composition,4
elicit,draw out,4
eloquence,fluent speaking skillful use of language,4
emaciate,make thin and weak,2
embellish,make beautiful,3
embezzle,use in a wrong way for one's own benefit,2
emote,stir up excite,2
empirical,relying on experiment,2
encapsulate,enclose in capsule,2
encomium,warm or glowing praise eulogy panegyric,7
encumbrance,burden things that get on the way of,4
endearing,making dear or liked,2
endemic,epidemic,4
endorse,write one's name on the back of,2
enduring,lasting,5
enervate,weaken deprive of strength attenuate,7
engender,cause produce give rise to,5
engrave,impress deeply,4
engrossing,taken up all the time or attention writing in large or formal,2
engulf,swallow up,2
enigma,smth that is puzzling,6
enmity,hatred being an enemy,2
ensign,flag/badge,2
entangle,put into difficulties,4
enthral,please greatly/enslave (fig),2
entice,tempt or persuade,4
entreat,ask earnestly,2
enunciate,pronounce (words)/express a theory,2
enzyme,catalyst,3
epicurean,devoted to pleasure (sensuous enjoyment),3
epistle,letter,2
epithet,adjective,3
epitome,brief summary representative example a typical model,7
equable,steady regular,2
equanimity,calmness of temperament,3
equilibrium,state of being balanced,7
equipoise,equal distribution of weight equilibrium,2
equivocal,having a double or doubtful meaning suspicious,7
equivocate,try to deceive by equivocal language,6
eradicate,get rid of pull up by the roots,6
erratic,irregular in behaviour or opinion,5
erudite,learned scholarly,9
eschew,avoid,5
esoteric,abstruse intended only for a small circle of,6
espouse,marry give one's support to,2
eulogy,formal praise panegyric,6
euphoria,elation state of pleasant excitement,2
euthanasia,easy and painless death,2
evasive,tending to evade,2
evince,to show clearly to indicate,2
evoke,call up bring out,2
excoriation,severe criticism,2
exculpate,to clear from a charge of guilt,3
exhaustive,complete thorough,4
exigency,emergency an urgent situation,2
exoneration,set smb clear free (e.g.. from blame),2
exorbitant,much too high or great,4
expatiate,to roam wander freely,5
expedient,likely to be useful for a purpose,5
expiation,ending expiring,2
exploit,brilliant achievement develop use selfishly,5
expostulate,argue earnestly to dissuade correct or protest,2
expurgate,to remove obscenity purify censor,2
exscind,to cut out cut away,4
extant,still in existence,3
extempore,without previous thought or preparation,2
extenuate,reduce the strength of lessen seriousness partially excuse,2
extinct,no longer active,5
extinguish,end the existence of/wipe or put out,2
extirpate,to destroy exterminate cut out exscind,4
extol,praise highly,4
extort,obtain by threats violence,2
extralegal,outside the law,2
extricable,that can be freed,2
extrovert,cheerful person,4
exuberance,state of growing vigorously being full of life,4
facetious,humorous funny jocular,3
facile,easily done,9
fallacious,based on error,8
falter,waver/move in an uncertain manner,2
fatuous,without sense foolish self-satisfaction,2
fawn,young deer try to win smb's favor,2
feckless,lacking purpose or vitality ineffective careless,7
fecund,fertile,2
feint,pretend,2
felicitous,apt suitably expressed well chosen apropos,3
felon,person guilty of murder,2
ferment,substance become excited,3
ferocity,savage cruelty,4
ferret,discover by searching search,2
fervid,showing earnest feeling,2
fervor,warmth of feelings earnestness,3
fetid,stinking,2
fetter,to shackle put in chains,2
feud,bitter quarrel over a long period of time,2
fidelity,loyalty accuracy,3
fidget,move restlessly make nervous,2
figurehead,carved image on the prow of a ship,2
finesse,delicate way of dealing with a situation,2
finical,too fussy about food clothing etc.,4
finicky,finical,4
fission,splitting or division (esp. of cells),2
fixate,stare at,2
flak,criticism/anti-aircraft guns,2
flamboyant,brightly colored florid,2
flaunting,show off complacently,2
flax,pale yellow (hair) a plant,2
fledged,able to fly trained experienced,2
fleet,number of ships quick-moving,2
flinch,draw move back wince,2
flop,fail/move/fall clumsily,2
florid,very much ornamented naturally red (e.g.. of face),4
flout,reject mock to go against (as in going against tradition),2
fluke,lucky stroke,2
fluster,make nervous or confused,2
foible,defect of character (a person is wrongly proud),2
foil,prevent from carrying out contrast,9
foment,put smth warm (to lessen the pain),3
foolproof,incapable of failure or error,2
foppish,like a man who pays too much attention to his clothes,2
forage,food for horses and cattle,2
forbear,refrain from be patient ancestor,2
forbearance,patience willingness to wait,2
ford,shallow place in a river (to cross),4
forestall,prevent by taking action in advance preempt,4
forfeit,suffer the loss of smth,2
forge,workshop for the shaping of metal to shape metal lead,2
forgery,counterfeit,4
forswear,renounce disallow repudiate,2
foster,nurture care for,2
fracas,noisy quarrel,2
fragile,easily injured broken or destroyed,3
fragrant,sweet-smelling,2
frantic,wildly excited with joy pain anxiety,4
frenetic,frantic frenzied,2
fret,worry irritation wear away,2
fringe,edge ornamental border part of hair over the forehead,2
froward,intractable not willing to yield or comply stubborn,2
frugal,careful economical,6
fulmination,bitter protest,2
fulsome,disgusting offensive due to excessiveness,3
gainsay,to deny to oppose,2
garble,make unfair selection from facts,2
garment,article of clothing,6
garner,to gather and save to store up,9
garrulity,talkativeness,2
garrulous,too talkative,11
gaucherie,socially awkward tactless behavior,2
germane,relevant pertinent to,7
gist,the point general sense,3
glean,gather facts in small quantities,2
glib,ready and smooth but not sincere,5
glimmer,weak/unsteady light,2
gloat,over look at with selfish delight,2
glut,supply to much fill to excess,8
gnaw,waste away bite steadily,2
goad,smth urging a person to action,2
gorge,eat greedily/narrow opening with a stream,2
gossamer,soft light delicate material,5
gouge,tool for cutting grooves in wood,2
grandiloquent,using pompous words,2
grave,serious requiring consideration,5
graze,touch or scrape lightly in passing,2
gregarious,living in societies liking the company,11
grievous,causing grief or pain serious dire grave,2
grovel,crawl humble oneself,2
guile,deceit cunning,7
gullible,easily gulled,2
gush,burst out suddenly/talk ardently,2
gust,outburst of feeling sudden rain wind fire etc.,2
hack,cut roughly hired horse,2
halcyon,calm and peaceful,6
hallow,to make holy consecrate,2
harangue,a long passionate speech,2
harbinger,smth or smb that foretells the coming of,2
harrow,to distress create stress or torment,2
haughty,arrogant conceited,15
heed,attention/give notice to,2
heinous,odious (of crime),4
heresy,belief contrary to what is generally accepted,2
hermetic,sealed by fusion,2
heterogeneous,made up of different kinds,2
hew,make by hard work cut (by striking),2
highbrow,(person) with superior tastes,3
hirsute,hairy shaggy,4
hoax,mischievous trick played on smb for a joke,4
hoi,polloi the masses the rabble,2
hollow,not soled with hole,2
holster,leather case for a pistol,2
homiletics,act of preaching,2
hone,stone used for sharpening tools,3
hoodwink,trick mislead,2
hospitable,liking to give hospitality,2
hubris,arrogant pride,3
hush,make or become silent,2
husk,worthless outside part of anything,3
hypocrisy,falsely making oneself appear to be good,2
iconoclast,person who attacks popular beliefs,2
idiosyncrasy,personal mannerism,2
idolatry,excessive admiration of,2
idyll,a carefree episode or experience,2
ignoble,dishonorable common undignified,3
ignominious,shameful dishonorable undignified disgraceful,3
illicit,unlawful forbidden,2
imbroglio,complicated and embarrassing situation,2
immaculate,pure faultless,2
imminent,likely to come or happen soon,8
immutable,that cannot be changed,7
impair,worsen diminish in value,2
impassive,unmoved feeling no sign of passion,4
impecunious,having little or no money,4
impede,hinder get in the way of,4
impediment,smth that hinders (e.g. stammer),3
impending,imminent being about to happen expected,9
imperative,urgent essential,6
imperious,commanding haughty arrogant,6
impermeable,that cannot be permeated,3
imperturbable,calm not capable of being excited,3
impervious,not allowing to pass through (of materials),2
imperviousness,haughty arrogant commanding,2
impetuous,having sudden energy impulsive thrusting ahead forceful,2
impiety,lack of reverence or dutifulness,2
implacable,incapable of being placated unpleasable,2
implicate,show that smb has a share,2
implicit,implied though not plainly expressed,9
implosion,collapse bursting inward,2
importune,beg urgently solicit (of a prostitute),2
imprecation,an invocation of evil a curse,3
impromptu,without preparation,2
impudent,rash indiscreet,6
impugned,challenged to be doubted,5
impute,to attribute to a cause or source ascribe,3
inadvertent,not paying proper attention,4
inane,silly senseless,2
inasmuch,since because,2
incense,make angry,2
incessant,often repeated continual,2
inchoate,not yet fully formed rudimentary elementary,4
incipient,beginning,4
incise,engrave make a cut in,2
incite,stir up rouse,4
inclined,directing the mind in a certain direction,11
incongruous,out of place not in harmony or agreement,5
incorrigibility,cannot be cured or corrected,2
incredulous,skeptical unwilling to believe,3
inculcate,fix firmly by repetition,2
incumbents,official duties,3
incursion,a raid a sudden attack,2
indefatigability,not easily exhaustible tirelessness,2
indelible,that cannot be rubbed out,2
indigence,poverty,2
indigenous,native,3
indistinct,not easily heard seen clearly marked,6
indolence,laziness,2
indomitable,not easily discouraged or subdued,2
indulge,gratify give way to satisfy allow oneself,4
indulgent,inclined to indulge,2
ineffable,to great to be described in words,3
ineluctable,certain inevitable,3
inept,unskillful said or done at the wrong time,4
ineptitude,quality of being unskillful,2
inferno,hell,2
infuriate,fill with fury or rage,2
infuse,put pour fill,2
ingenuous,naive young artless frank honest sincere,10
ingest,take in by swallowing,4
inimical,harmful or friendly,6
inimitable,defying imitation unmatchable,2
innocuous,causing no harm,9
inscrutable,incapable of being discovered or understood,5
insensible,unconscious unresponsive unaffected,3
insinuate,suggest unpleasantly make a way for smth gently,2
insipid,without taste or flavor,8
insouciant,unconcerned carefree,2
insularity,narrow-mindedness isolated,2
insurrection,rising of people to open resistance to,2
interdict,prohibit forbid,2
interim,as an installment,2
intersperse,place here and there,2
intransigence,unwillingness to compromise stubbornness intractability,2
intransigent,uncompromising,2
intrepid,fearless brave undaunted,2
introspection,examining one's own thoughts and feelings,3
inundate,flood cover by overflowing,2
inured,accustomed to adapted,2
invective,abusive language curses,4
inveigh,to attack verbally denounce deprecate,2
inveterate,deep-rooted. long-established,4
invincible,too strong to be defeated,2
involute,complex,2
irascible,irritable easily angered,2
irate,angry,2
ire,anger,2
irksome,tiresome,2
irresolute,hesitating undecided,9
irrevocable,final and unalterable,2
itinerate,to travel from place to place to peregrinate,2
jabber,talk excitedly utter rapidly,2
jibe,gibe make fun of,2
jocular,meant as a joke,4
judicious,sound in judgment wise,7
knit,draw together unite firmly,5
labyrinthine,to entangle the state of affairs,8
lachrymose,causing tears tearful,4
lackluster,(of eyes) dull,3
lament,show feel great sorrow,4
lassitude,weariness tiredness,3
latent,present but not yet active developed or visible,2
laudatory,expressing or giving praise,6
lavish,giving or producing freely liberally or generously,6
legacy,smth handed down from ancestors,2
levee,formal reception/embankment,2
levity,lack of seriousness,2
libel,statement that damages reputation,2
liberality,free giving generosity,2
libertine,immoral person,4
lien,legal claim until a debt on it is repaid,2
limn,paint portray,2
limp,lacking strength walking unevenly,2
lionize,treat as a famous person,2
lithe,bending twisting,2
loll,rest to sit or stand in a lazy way hang (dog's tongue),2
lope,move along with long strides,2
loquacious,talkative garrulous,8
lucubrate,write in scholarly fashion,2
luculent,easily understood lucid clear,2
lugubrious,mournful excessively sad,2
lull,become quiet or less active,2
lumber,move in a clumsy/noisy way,2
luminary,star light-giving body,3
lurk,be out of view ready to attack,2
lustrous,being bright polished,2
macabre,gruesome suggesting death,2
macerate,make or become soft by soaking in water,2
machination,plot scheme (esp. evil),2
maladroit,tactless clumsy,5
malapropism,misuse of a word (for one that resembles it),2
malevolence,wishing to do evil,3
malign,injurious speak ill of smb tell lie,2
malinger,to fake illness or injury in order to shirk a duty,2
malleable,yielding easily shaped moldable adapting,5
manacle,chains for the hands or feet,2
massacre,cruel killing of a large number of people,4
matriculation,be admitted enter a university as a student,2
maudlin,sentimental in a silly or tearful way,2
maul,hurt by rough handling,2
maverick,rebel nonconformist,3
mellifluous,sweetly flowing,2
mendacity,dishonesty,5
mendicant,a beggar,3
mercurial,quick changeable in character fleeting,2
meretricious,attractive on the surface but of little value,2
mesmerize,hypnotize,2
meticulous,giving great attention to details,13
mettle,quality of endurance or courage,4
mettlesome,courageous high-spirited,4
middling,fairly good but not very good,2
minatory,menacing threatening,2
mince,pronounce or speak affectedly euphemize,3
misanthrope,person who hates mankind,2
mischievous,harmful causing mischief,4
miser,person who loves wealth and spends little,3
misogynist,one who hates women/females,2
moderation,quality of being limited not extreme,6
mollify,make calmer or quieter,6
molt,moult lose hair feathers before new growing,2
morbid,diseased unhealthy (e.g.. about ideas),2
morose,ill-tempered unsocial,4
muffler,cloth worn round the neck/silencer,2
multifarious,varied motley greatly diversified,2
mundane,worldly as opposed to spiritual commonplace everyday,14
myriad,very great number,5
nadir,lowest weakest point,4
nascent,coming into existence emerging,12
nebulous,cloud-like hazy vague indistinct,3
negligent,taking too little care,2
neophyte,person who has been converted to a belief,2
nexus,a connection tie or link,3
nibble,show some inclination to accept (an offer),2
noisome,offensive disgusting (smell),5
nonchalant,not having interest,2
nonplused,greatly surprised,2
nostrum,a quack remedy an untested cure,2
noxious,harmful,6
nugatory,trifling/worthless,2
obdurate,hardened and unrepenting stubborn inflexible,2
obfuscate,to darken make obscure muddle,3
oblivious,unaware having no memory,6
obloquy,abusively detractive language sharp criticism vituperation,6
obsequious,too eager to obey or serve,7
obstreperous,noisy loud,3
obtain,to be established accepted or customary,14
obtrusive,projecting prominent undesirably noticeable,2
obtuse,blunt/stupid,9
obviate,to make unnecessary get rid of,2
occluded,blocked up,2
odious,repulsive hateful,7
odium,contempt dislike aversion,2
odor,smell favor reputation,13
officious,too eager or ready to help offer advice,3
ominous,threatening,4
onerous,needing effort burdensome,7
opaqueness,dullness/not allowing light to pass through,2
opprobrious,showing scorn or reproach,2
ossify,to turn to bone to settle rigidly into an idea,2
ostensible,seeming appearing as such professed,2
ostentation,display to obtain admiration or envy,2
ostracism,shut out from society refuse to meet talk,2
overhaul,examine thoroughly to learn about the condition,2
overweening,presumptuously arrogant overbearing immoderate being a jerk,2
paean,song of praise or triumph,2
palate,roof of the mouth sense of taste,2
palatial,magnificent,2
palliate,lessen the severity of,2
palpability,can be felt touched understood,2
palpitate,tremble beat rapidly and irregularly,2
panegyric,formal praise eulogy,13
paradigm,a model example or pattern,6
parenthesis,sentence within another one smth separated,5
pariah,an outcast a rejected and despised person,2
parsimonious,too economical miserly,3
partisan,one-sided committed to a party biased or prejudiced,4
patron,regular customer person who gives support,2
paucity,scarcity a lacking of,9
peccadillo,small sin small weakness in one's character,2
pedantic,bookish showing off learning,7
pedestrian,commonplace trite unremarkable,11
pellucid,transparent easy to understand,2
penchant,strong inclination a liking,4
penitent,feeling or showing regret,4
penurious,poor/stingy,4
penury,extreme poverty,2
peregrination,traveling about wandering,2
peremptory,urgent imperative unchallengeable ending debate,4
perfidious,treacherous faithless,8
perfidy,treachery breaking of faith,4
perfunctory,done as a duty without care,12
perilous,dangerous,7
peripatetic,wandering,2
perish,be destroyed decay,2
perjury,willful FALSE statement unlawful act,4
permeate,spread into every part of,5
pernicious,harmful injurious,6
perpetrate,be guilty commit (a crime),2
personable,pleasing in appearance attractive,2
perspicacity,quick judging and understanding,3
pertain,belong as a part have reference,4
pest,destructive thing or a person who is nuisance,3
petrified,taken away power (to think feel act),2
petrify,to make hard rocklike,2
petrous,like a rock hard stony,2
petulant,unreasonably impatient,5
philistine,a smug ignorant person one who lacks knowledge,2
phlegmatic,calm sluggish temperament unemotional,3
picaresque,involving clever rogues or adventurers,2
pied,of mixed colors,2
pinch,be too tight take between the thumb and finger,2
pine,waste away through sorrow or illness,2
pious,dutiful to parents devoted to religion,2
piquant,agreeably pungent stimulating,2
pique,hurt the pride or self-respect stir (curiosity),2
pitfall,covered hole as a trap unsuspected danger,2
pith,essential part force soft liquid substance,3
pivotal,of great importance (others depend on it),2
placate,soothe pacify calm,6
plaintive,mournful melancholy sorrowful,9
plaque,flat metal on a wall as a memorial,12
platitude,a trite or banal statement unoriginality,2
plea,request,2
plead,address a court of law as an advocate,4
plethora,glut,3
pliant,pliable easily bent shaped or twisted,2
plod,continue doing smth without resting,2
pluck,pull the feathers off pick (e.g.. flowers),4
plumb,get to the root of,2
plummet,fall plunge steeply,2
plunge,move quickly suddenly and with force,4
poignant,deeply moving keen,2
poncho,large piece of cloth,2
ponderous,heavy bulky dull,5
portent,omen marvelous threatening,2
precarious,uncertain risky dangerous,9
precepts,rules establishing standards of conduct,2
preclude,prevent make impossible,4
precursory,preliminary anticipating,2
predilection,special liking mental preference,3
predominate,have more power than others,2
preen,tidy/show self-satisfaction,2
premature,doing or happening smth before the right time,2
preponderance,greatness in number strength weight,2
presage,warning sign,2
presumption,arrogance,2
preternatural,not normal or usual,2
prevalent,common,6
prevaricate,to equivocate to stray from the truth,2
prim,neat formal,2
pristine,primitive unspoiled pure as in earlier times unadulterated,7
probity,uprightness incorruptibility principle,2
proclivity,inclination,2
procrastination,keeping on putting off,2
prodigal,wasteful reckless with money,6
prodigious,enormous wonderful,7
profane,worldly having contempt for God,2
profligacy,shameless immorality,4
profligate,wasteful prodigal licentious extravagant,7
profundity,depth,2
profuse,abundant/lavish,6
proliferate,grow reproduce by rapid multification,5
prolix,tiring because too long,4
prone,prostrate inclined to (undesirable things),7
propagation,increasing the number spreading extending,2
propinquity,nearness in time or place affinity of nature,2
propitiatory,conciliatory appeasing mitigating,4
propitious,auspicious presenting favorable circumstances,4
prosaic,everyday mundane commonplace trite pedestrian,3
proscribe,denounce as dangerous,2
protracted,prolonged,3
provident,frugal looking to the future,2
provisional,of the present time only,2
provoke,make angry vax,6
prudence,careful forethought,2
prudish,easily shocked excessively modest,2
prune,dried plum silly person,2
pry,get smth inquire too curiously,2
pucker,wrinkle,2
pugnacious,fond of in the habit of fighting,10
puissance,strength,2
punctilious,precise paying attention to trivialities,7
pundit,pedant authority on a subject,3
pungency,sharpness stinging quality,2
purvey,provide supply,2
pusillanimous,cowardly craven,5
putrefaction,becoming rotten,2
pyre,large pile of wood for burning,2
quack,person dishonestly claiming to smth,4
quaff,drink deeply,2
quail,lose courage turn frightened,2
qualm,feeling of doubt temporary feeling of sickness,2
quandary,state of doubt or perplexity,2
quell,suppress subdue,2
quibble,try to avoid by sophistication,2
quiescence,state of being passive/motionless,2
quiescent,at rest dormant torpid,6
quirk,habit or action peculiar to smb or smth,2
quixotic,generous unselfish,2
quotidian,banal everyday,6
rabble,mob crowd the lower classes of populace,4
raconteur,person who tells anecdotes,2
raffish,low vulgar base tawdry,5
ramify,to be divided or subdivided to branch out,2
rancorous,feeling bitterness spitefulness,4
rant,use extravagant language,2
rapacious,greedy (esp for money),6
rarefy,to make thin to make less dense to purify or refine,3
rave,act with excessive enthusiasm,2
reactionary,opposing progress,2
rebuff,snub,2
recalcitrant,disobedient,4
recant,take back as being FALSE give up,2
recast,cast or fashion anew,2
recidivism,relapse into antisocial or criminal behavior,2
reciprocity,granting of privileges in return for similar,2
recitals,a number of performance of music,2
recluse,person who lives alone and avoids people,4
recompense,make payment to reward punish,4
reconcile,settle a quarrel restore peace,5
recondite,little known abstruse,6
recreancy,cowardice a cowardly giving up,2
recuperate,become strong after illness loss exhaustion,2
redeem,get back by payment compensate,2
redoubtable,formidable causing fear,4
refine,make or become pure cultural,4
refractory,stubborn unmanageable untractable,4
refulgent,shining brilliant,5
regale,to delight or entertain to feast,4
regicide,crime of killing a king,2
reiterate,say or do again several times,2
rejuvenation,becoming young in nature or appearance,2
relapse,fall back again,4
remonstrate,to protest object,2
render,deliver provide represent,2
renovate,restore smth to better condition,2
renowned,celebrated famous,6
repast,meal,2
repel,refuse to accept/cause dislike,2
repine,at be discontented with,2
reproach,scold upbraid,10
reprobate,person hardened in sin one devoid of decency,2
repudiate,disown refuse to accept or pay,5
repulsive,causing a feeling of disgust,4
requite,repay give in return,2
rescind,repeal/annul/cancel,2
resigned,unresisting submissive,2
resilience,quality of quickly recovering the original shape,2
resort,to frequently visit,5
restive,refusing to move reluctant to be controlled,2
resuscitation,coming back to consciousness,2
retard,check hinder,2
reticent,reserved untalkative silent taciturn,8
revere,have deep respect for,2
reverent,feeling or showing deep respect,2
riddle,puzzling person or thing,4
rift,split crack dissension,2
rivet,fix take up secure metal pin,2
roll,call calling of names,10
rotund,rich and deep plump and round,2
ruffian,violent cruel man,2
rumple,make rough,2
sagacious,having sound judgment perceptive wise like a sage,2
salacious,obscene,3
salubrious,healthful,3
salutary,remedial wholesome causing improvement,6
sanctimony,self-righteousness hypocritical with FALSE piety,2
sanction,approval (by authority) penalty,5
sanguine,cheerful confident optimistic,13
sanity,health of mind soundness of judgement,2
sash,long strip worn round the waist,2
satiate,satisfy fully,4
saturnine,gloomy dark sullen morose,6
savant,person of great learning,2
savor,taste flavor smth,2
sawdust,tiny bits of wood,2
scabbard,sheath for the blade,2
scent,smell (esp pleasant),6
scorch,become discolored/dry up/go at high speed,2
scribble,write hastily,2
scurvy,mean contemptible,2
secular,material (not spiritual) living outside monasteries,2
sedulous,persevering,8
seminal,like a seed constituting a source originative,3
sententious,short and pithy full of maxims/proverbs,4
sequence,succession connected line of,39
sere,make hard and without feeling,2
sermon,reproving a person for his faults,4
serrated,having a toothed edge,2
serration,having a toothed edge,2
servile,like a slave lacking independence,2
sever,break off,2
severance,severing,2
shallow,little depth not earnest,4
shard,piece of broken earthenware,2
sheath,cover for the blade of a weapon or a tool,4
shrewd,astute showing sound judgement,2
shrill,sharp piercing,2
shun,keep away from avoid,2
shunt,send from one track to another lay aside evade discussion,2
sidestep,step to one side,2
simper,(give a) silly/self-conscious smile,2
sinuous,winding undulating serpentine,2
skiff,small boat,2
skit,short piece of humorous writing,2
slack,sluggish dull not tight,2
slake,to assuage to satisfy allay,2
slate,king of blue-grey stone propose criticize,2
sluggard,lazy slow-moving person,2
slur,join sounds/words (indistinct),2
smolder,burn slowly without flame,2
snare,trap,3
snub,treat with contempt,4
soar,rise fly high,2
sober,self-controlled,7
sobriety,quality or condition of being sober,2
sodden,soaked saturated,2
soggy,heavy with water,2
solvent,of the power of forming a solution,4
somatic,of the body,2
soot,black powder in smoke,2
sophisticated,complex subtle refined,13
sophistry,fallacious reasoning faulty logic,2
sophomoric,self-assured though immature affected bombastic overblown,2
soporific,producing sleep,2
sordid,wretched comfortless contemptible,2
spear,weapon with a metal point on a long shaft,2
specious,illogical of questionable truth or merit,7
splenetic,bad-tempered irritable,4
splice,join (two ends),3
sponge,porous rubber for washing live at once expense,2
spurious,FALSE counterfeit,4
spurn,have nothing to do reject or refuse,2
squalid,foul filthy,2
squander,spend wastefully,4
squat,crouch/settle without permission,2
stanch,to stop the flow of a fluid,2
steeply,rising or falling sharply,4
stentorian,extremely loud and powerful,2
stickler,person who insists on importance of smth,2
stigma,mark of shame or disgrace,2
stigmatize,describe smb scornfully,2
sting,smth sharp,2
stingy,spending using unwillingly,5
stint,to be thrifty to set limits,2
stipple,paint with dots,2
stipulate,state or put forward as a necessary condition,3
stolid,showing no emotion impassive,3
stray,wander lose one's way,9
streak,long thin move very fast,2
striated,striped grooved or banded,2
stride,walk with long steps,4
strut,a supporting bar,2
stygian,hence dark gloomy,5
stymie,to hinder obstruct or block,2
subdue,overcome bring under control,6
sublime,extreme astounding,2
submerge,put under water liquid sink out of sight,2
suborn,induce by bribery or smth to commit perjury,2
subpoena,written order requiring a person to appear in a low court,2
substantiation,giving facts to support (statement),2
subsume,include under a rule,2
succor,assistance relief in time of distress,2
suffice,be enough,3
suffocate,cause or have difficulty in breathing,2
sullied,to be stained or discredited,2
summarily,briefly without delay,2
sumptuous,magnificent,2
sundry,various miscellaneous separate,2
supercilious,disdainful characterized by haughty scorn,6
superfluous,more then is needed or wanted,2
superimpose,put smth on the top,2
supersede,take the place of,3
supine,lying on the back slow to act passive,3
suppliant,asking humbly beseeching,2
supplicate,make a humble petition to,2
suppress,prevent from being known put an end to,4
surcharge,additional load/charge,2
surfeit,satiate feed to fulness or to excess,6
susceptibility,sensitiveness,2
swerve,change direction suddenly,2
sycophant,person who flatter to the rich and powerful,2
synopsis,summary or outline,3
taciturn,untalkative silent,10
tadpole,form of a frog when it leaves the egg,2
talon,claw of a bird of prey,2
tamp,tap or drive down by repeated light blows,2
tamper,interfere with,2
tangential,suddenly changeable,7
tarnished,lost brightness,2
tassel,bunch of threads,2
taunt,contemptuous reproach hurtful remark,2
taut,tightly stretched,2
tautology,a repetition a redundancy,2
tawdry,cheap gaudy showy tacky,5
teetotal,oppose to alcohol,2
temerity,boldness brashness intrepidness,2
temperance,abstinence from alcohol self-control moderation,3
temperate,showing self-control,2
tenacity,firmness persistency adhesiveness tending to hang on,3
tenuous,insubstantial flimsy weak,8
tepid,lukewarm,2
terse,brief and to the point,2
testiness,witness/evidence,2
thrift,care economy thriving prosperous,2
thwart,obstruct/frustrate,3
timid,shy easily frightened,7
timorous,fearful timid afraid,5
toady,obsequious flatterer,2
tonic,smth giving strength or energy,4
topple,be unsteady and overturn,2
torment,severe pain or suffering,4
torpid,sleeping sluggish lethargic dormant,4
torque,twisting force causing rotation,2
tortuous,devious/not straightforward,9
tout,person who worries others to buy smth to use his service,7
tractable,easily controlled or guided,2
transgress,break go beyond (a limit),2
transient,temporary fleeting,9
transitory,brief,4
travesty,parody/imitation,2
trenchant,forceful effective vigorous extremely perceptive incisive,2
trepidation,alarm excited state of mind,6
trickle,flow in drops,2
trifling,unimportant,4
trite,not new,15
truce,(agreement) stop of fighting for a time,2
truculence,aggressiveness ferocity,2
trudge,walk heavily,2
turbid,muddy having the sediment stirred up,2
turbulence,being uncontrolled violent,2
turgid,excessively ornate swollen or bloated,2
turmoil,trouble disturbance,4
turpitude,wickedness shamefulness,2
turquoise,greenish-blue precious stone,2
tyro,tiro beginner,3
ubiquitous,present everywhere,11
ulterior,situated beyond,3
umbrage,offense resentment,5
uncouth,rough awkward,2
underbid,make a lower bid then smb else,2
undermine,weaken gradually at the base make smth under,6
undulate,to move in wavelike fashion fluctuate,2
unearth,discover and bring to light,2
unencumbered,easy-going trifle,4
unfeigned,not pretended sincere,2
unscathed,unharmed unhurt,2
untoward,unfortunate inconvenient,2
upbraid,scold reproach,4
urbane,elegant refined in manners,4
vacillation,being uncertain hesitating,3
vagary,strange act or idea,2
vain,without use result conceited,4
valiant,brave,2
valorous,brave,2
vanquish,conquer,2
veer,change direction,2
venal,ready to do smth dishonest,3
veneer,surface appearance covering the TRUE nature,2
veneration,regard with deep respect,3
veracity,truth,6
verdant,fresh and green,4
verisimilitude,appearing TRUE or real,2
veritable,real rightly named,5
verve,spirit vigor enthusiasm,2
vestige,trace or sign,2
vex,annoy distress trouble,3
vigilance,watchfulness self-appointed group who maintain order,4
vigilant,member of a vigilance committee,4
vigorous,strong energetic,5
vilify,slander say evil things,4
vindictive,having a desire to revenge,2
virago,a loud domineering woman a scold or nag,2
visceral,of the internal organs of the body,2
viscous,sticky/semi-fluid,2
vitiate,lower the quality weaken the strength,4
vituperate,curse abuse in words,3
vivacious,lively high-spirited,2
volatile,changeable inconstant fickle unstable explosive,7
volubility,fluency verbosity easy use of spoken language,4
voluble,fluent,3
waffle,talk vaguely and without much result,3
waft,scent waving movement carry lightly through,2
wag,merry person,2
warmonger,person who stirs up war,2
warrant,authority written order guarantee,4
wean,to turn away (from a habit),2
weigh,measure hoe heavy smth is,11
welter,turmoil a bewildering jumble,2
wend,to go proceed,2
whimsical,full of odd and fanciful ideas,2
wince,show bodily or mental pain,4
woo,try to win,2
writ,written order,3
yarn,tale story fibers for knitting,2